feature,type,cohens_d,ks_stat,ks_pvalue,point_biserial,mutual_info,auc_probe,cramers_v,target_rate_range,n_categories,composite_score
nr.employed,numeric,-1.1806621643056938,0.4256272024950996,0.0,-0.34972904181529996,0.05961563141608309,0.7447541521971289,,,,0.3882405613321903
euribor3m,numeric,-1.0062194560798776,0.4257982128241235,0.0,-0.3031738161496817,0.0539855705096767,0.7398272441862384,,,,0.3579241920480186
emp.var.rate,numeric,-0.9717208562421287,0.4256272024950996,0.0,-0.29369045080941475,0.03837870930016048,0.7128139191277412,,,,0.3372349386528243
month,categorical,,,,,0.026303601810054943,0.6587505884008411,0.2731695886345099,"(0.06348197257288167, 0.5034965034965035)",10.0,0.26715834306217456
previous,categorical,,,,,0.0193712464259932,0.6105210364080991,0.23620283266327485,"(0.08801379504504504, 0.5771428571428572)",8.0,0.24358019218297589
cons.price.idx,numeric,-0.4228578127445142,0.22046964890989762,4.292525019350263e-141,-0.13252035491324332,0.02029872688825416,0.6073565298893623,,,,0.16168336851843326
contact,categorical,,,,,0.011379121080814021,0.6090826792188249,0.14313826951135422,"(0.052981232353429664, 0.14702506217715708)",2.0,0.1179410148314242
cons.conf.idx,numeric,0.17525358910490554,0.19648843557392248,6.630761569222049e-112,0.055326955736094474,0.044875070115025145,0.5382148148827932,,,,0.09612257134850949
default,categorical,,,,,0.005738040830510594,0.5639379103142227,0.09914437314614814,"(0.052017291066282424, 0.12884992502018688)",3.0,0.0780327676947735
campaign,numeric,-0.20748367739777995,0.07866585702121232,3.5431292855333305e-18,-0.06546165610594099,0.0024952853162792284,0.5526657405204257,,,,0.07136015372365875
education,categorical,,,,,0.0025645952883555324,0.5619582630495623,0.07091493224881726,"(0.07646083713220057, 0.1481746599856836)",8.0,0.06756130252645566
marital,categorical,,,,,0.0016068168826843432,0.5412843443287079,0.05784722177886767,"(0.10095238095238095, 0.16923076923076924)",4.0,0.05275311136573427
age,numeric,0.09072226085446891,0.08499447386018666,3.762402192655737e-21,0.02867284875848724,0.007085213552134394,0.48814259895306306,,,,0.03859301151901716
job,numeric,0.08313887490111938,0.07009755770714066,1.6129146567062267e-14,0.02627784351846975,0.006084776950404193,0.5118368862571971,,,,0.03407941774436559
day_of_week,categorical,,,,,0.00019747911655201844,0.5170463022259648,0.019779288211865007,"(0.10246623605402232, 0.12002333381945457)",5.0,0.017928473142838904
housing,categorical,,,,,4.834613529262552e-05,0.5078344291262433,0.009826401244056562,"(0.10926174496644295, 0.11556740465978903)",3.0,0.007967666979880527
loan,categorical,,,,,1.3922321312129227e-07,0.5003187923692832,0.0005275320001538079,"(0.11228349591877364, 0.11306532663316583)",3.0,0.00048678707743790117
