feature_1,feature_2,mi_joint,mi_f1,mi_f2,mi_sum,lift,lift_pct
cons.price.idx,cons.conf.idx,0.050587617654860625,0.014316185459407023,0.010948493001103498,0.02526467846051052,0.025322939194350105,100.23060152509223
month,cons.price.idx,0.06334787781052896,0.02616703124859819,0.014316185459407023,0.04048321670800521,0.022864661102523748,56.47935851402455
emp.var.rate,cons.conf.idx,0.06198290554500294,0.031582823606823046,0.010948493001103498,0.04253131660792654,0.0194515889370764,45.7347443917389
month,cons.conf.idx,0.05478999280275564,0.02616703124859819,0.010948493001103498,0.03711552424970169,0.017674468553053956,47.62015062523605
contact,cons.conf.idx,0.03948413403055568,0.011363946573985493,0.010948493001103498,0.02231243957508899,0.01717169445546669,76.96018356790644
nr.employed,cons.conf.idx,0.0593434749434243,0.03943255046234646,0.010948493001103498,0.05038104346344996,0.008962431479974338,17.78929308297541
previous,cons.conf.idx,0.03845478681956789,0.019265024878193503,0.010948493001103498,0.030213517879297,0.008241268940270892,27.276760598334693
cons.price.idx,contact,0.03243246162130876,0.014316185459407023,0.011363946573985493,0.025680132033392516,0.006752329587916241,26.293983142828154
euribor3m,cons.conf.idx,0.05769640112065795,0.04071468588295341,0.010948493001103498,0.05166317888405691,0.006033222236601042,11.677992657286667
emp.var.rate,cons.price.idx,0.05103270932165606,0.031582823606823046,0.014316185459407023,0.04589900906623007,0.005133700255425991,11.184773614651043
month,day_of_week,0.02854101517500245,0.02616703124859819,0.00013678108923790614,0.0263038123378361,0.0022372028371663508,8.50524178180932
emp.var.rate,month,0.05981142159959964,0.031582823606823046,0.02616703124859819,0.05774985485542124,0.0020615667441784002,3.5698215161572335
month,contact,0.039270015031027526,0.02616703124859819,0.011363946573985493,0.03753097782258368,0.0017390372084438444,4.633604849478251
euribor3m,day_of_week,0.04211465539963298,0.04071468588295341,0.00013678108923790614,0.040851466972191317,0.0012631884274416638,3.0921494895190667
age,education,0.007321849232411399,0.003957101635727741,0.002458373740555836,0.006415475376283577,0.0009063738561278225,14.127929778648394
nr.employed,education,0.04275502193830934,0.03943255046234646,0.002458373740555836,0.0418909242029023,0.000864097735407035,2.0627325652251147
cons.conf.idx,education,0.014230121560962759,0.010948493001103498,0.002458373740555836,0.013406866741659335,0.0008232548193034244,6.140545999053707
emp.var.rate,education,0.03471913715606159,0.031582823606823046,0.002458373740555836,0.034041197347378885,0.0006779398086827065,1.9915275064051374
nr.employed,day_of_week,0.04024348317913834,0.03943255046234646,0.00013678108923790614,0.03956933155158437,0.0006741516275539719,1.7037225576457298
cons.conf.idx,job,0.015369253710698201,0.010948493001103498,0.003797116965211936,0.014745609966315434,0.0006236437443827673,4.229351961752727
cons.price.idx,day_of_week,0.015075612195704708,0.014316185459407023,0.00013678108923790614,0.01445296654864493,0.0006226456470597788,4.308081977247476
cons.price.idx,education,0.017302398165552645,0.014316185459407023,0.002458373740555836,0.01677455919996286,0.0005278389655897844,3.146663702441451
job,education,0.006697263805227487,0.003797116965211936,0.002458373740555836,0.006255490705767772,0.0004417730994597151,7.062165387799002
cons.conf.idx,day_of_week,0.011488283045696837,0.010948493001103498,0.00013678108923790614,0.011085274090341404,0.0004030089553554335,3.635534422252807
emp.var.rate,day_of_week,0.032121282838299785,0.031582823606823046,0.00013678108923790614,0.03171960469606095,0.00040167814223883436,1.2663403156746027
